"name","Type","Value","RefId","rule_refid","eval_refid","evalType","propname","propiid"
"NCCPI - Parent Material is Loess","not_null_and","0","16909","21597","16909","Crisp","PARENT MATERIAL KIND IS LOESS","13409"
"NCCPI - pH 0-20cm (Corn and Soybeans)","null_not_rated","0","15999","21282","15999","ArbitraryCurve","pH IN DEPTH 0-20CM, WTD AVE","13531"
"NCCPI - pH 20-150cm (Corn and Soybeans)","null_or","0","16000","21281","16000","ArbitraryCurve","pH IN DEPTH 20-150CM, WTD AVE","13532"
"NCCPI - CEC 0-150cm or Bulk Density too High","null_not_rated","0","15994","19755","15994","ArbitraryCurve","MEQ 0-150cm OR BD TOO HIGH","13527"
"NCCPI - CEC 0-150cm or EC >= 8.01","not_null_and","0","15995","19755","15995","ArbitraryCurve","MEQ 0-150cm OR EC > 8.01","13526"
"NCCPI - CEC 0-150cm or pH <= 3.5","not_null_and","0","15996","19755","15996","ArbitraryCurve","MEQ 0-150cm OR PH <= 3.5","13525"
"NCCPI - CEC 0-150cm or Restriction","null_not_rated","0","15997","19755","15997","ArbitraryCurve","MEQ 0-150cm OR RESTRICTION","13528"
"NCCPI - Wet Soil Months, Count","not_null_and","0","17122","19755","17122","ArbitraryCurve","WET SOIL MONTHS GROWING SEASON - COUNT","14471"
"NCCPI - OM 0-20cm","null_not_rated","0","16009","19760","16009","ArbitraryCurve","ORGANIC MATTER IN DEPTH 0-20CM, WTD AVE","17047"
"NCCPI - OM 20-150cm","null_not_rated","0","16010","19760","16010","ArbitraryCurve","ORGANIC MATTER PERCENT 20-150 CM","13550"
"NCCPI - SAR 0-20cm (Corn)","null_not_rated","0","16018","21196","16018","ArbitraryCurve","SAR OF SURFACE 20cm","13563"
"NCCPI - SAR 20-150cm (Corn)","null_not_rated","0","16017","21196","16017","ArbitraryCurve","SAR 20-150cm","13564"
"NCCPI - EC 0-150 cm or Bulk Density too High","null_or","0","16008","21197","16008","ArbitraryCurve","ELECTRICAL CONDUCTIVITY (WTD AVE) ABOVE BD TOO HIGH","13545"
"NCCPI - EC 0-150 cm or EC >= 16","null_or","0","16007","21197","16007","ArbitraryCurve","ELECTRICAL CONDUCTIVITY (WTD AVE) ABOVE EC > 16","13546"
"NCCPI - EC 0-150 cm or Restriction","null_or","0","16005","21197","16005","ArbitraryCurve","ELECTRICAL CONDUCTIVITY (WTD AVE) ABOVE RESTR. LAYER","13544"
"NCCPI - EC 0-150 cm or pH <= 3.5","null_or","0","16006","21197","16006","ArbitraryCurve","ELECTRICAL CONDUCTIVITY (WTD AVE) ABOVE PH <3.5","13547"
"NCCPI - EC 0-10cm Germination Adverse","null_or","0","17817","22624","17817","ArbitraryCurve","ELECTRICAL CONDUCTIVITY MAX 0-10 CM","14968"
"NCCPI - GYPSUM 0-20cm","null_not_rated","0","16020","21198","16020","Linear","GYPSUM FROM 0 to 20cm","13569"
"NCCPI - GYPSUM 20-150cm","null_not_rated","0","16019","21198","16019","Linear","GYPSUM 20-150cm","13570"
"NCCPI - AWC Sufficiency 0-200cm Revised","null_not_rated","0","74096","33999","74096","ArbitraryCurve","AWC * Root Sufficiency (NCCPI)","23371"
"NCCPI - Water Table Depth During Summer Growth","not_null_and","0","16118","21001","16118","ArbitraryCurve","WATER TABLE DEPTH MIN DURING SUMMER GROWTH","13656"
"NCCPI - Mean Annual Air Temperature (Soil Proxy)","null_not_rated","0","33765","37154","33765","ArbitraryLinear","MEAN ANNUAL AIR TEMPERATURE","13636"
"NCCPI - Precipitation Recharge","null_not_rated","0","16761","22413","16761","ArbitraryCurve","PRECIPITATION RECHARGE","14186"
"NCCPI_B - Ksat Minimum within 150cm","null_not_rated","0","17697","22413","17697","Sigmoid","KSAT MINIMUM ABOVE RESTRICTIVE LAYER (0-150cm)","13533"
"NCCPI_B - Organic Matter in Profile","null_not_rated","0","17698","22413","17698","ArbitraryLinear","OC IN KG/M2, WHOLE PROFILE","13769"
"NCCPI_B - Water-Gathering Surface, Corn","multiply","1","18070","22348","18070","ArbitraryCurve","WATER GATHERING SURFACE, WHEAT","14819"
"NCCPI - Frost Free Days Revised","null_not_rated","0","56945","19849","56945","ArbitraryCurve","FROST-FREE DAYS","13359"
"NCCPI - Mean Annual Precipitation","null_not_rated","0","16413","19847","16413","ArbitraryCurve","MEAN ANNUAL PRECIPITATION FROM H&L","35985"
"NCCPI_B - Growing Season <= 135 FFD Soil Wetness Index","not_null_and","0","17925","26265","17925","ArbitraryLinear","GENERAL INDICATOR MLRA DURING < 135 FFD (CORN)","27343"
"NCCPI_B - Growing Season > 135 to <= 160 Soil Wetness Index","not_null_and","0","17926","26265","17926","ArbitraryLinear","GENERAL INDICATOR MLRA DURING 135-160 FFD (CORN)","27342"
"NCCPI_B - Growing Season > 160 to <= 185 Soil Wetness Index","not_null_and","0","17927","26265","17927","ArbitraryLinear","GENERAL INDICATOR MLRA DURING 160-185 FFD (CORN)","27341"
"NCCPI_B - Growing Season > 185 to <= 210 Soil Wetness Index","not_null_and","0","17928","26265","17928","ArbitraryLinear","GENERAL INDICATOR MLRA DURING 185-210 FFD (CORN)","27340"
"NCCPI_B - Growing Season > 210 Soil Wetness Index","not_null_and","0","17929","26265","17929","ArbitraryLinear","GENERAL INDICATOR MLRA DURING >210 FFD (CORN)","27339"
"NCCPI - Effective Slope","null_not_rated","0","16053","19838","16053","ArbitraryCurve","SLOPE PERCENT","1213"
"NCCPI - Ponding During Growing Season (Corn)","multiply","1","16061","19846","16061","ArbitraryCurve","PONDING SEVERITY (CORN)","14850"
"NCCPI_B - Flooding During Growing Season (Corn)","multiply","1","17636","22242","17636","ArbitraryCurve","FLOODING FREQUENCY AND DURATION (CORN)","27319"
"NCCPI - Interpretable Component","null_not_rated","0","18473","23736","18473","Crisp","INTERPRETABLE COMPONENT","15327"
"NCCPI - Log Ksat Minimum LEP 0 to 50cm Above BD too High","not_null_and","0","16991","21303","16991","ArbitraryCurve","LOG KSAT MINIMUM LEP 0 TO 50CM ABOVE BD TOO HIGH","14377"
"NCCPI - Log Ksat Minimum LEP 0 to 50cm Above EC >= 8.01","not_null_and","0","16992","21303","16992","ArbitraryCurve","LOG KSAT MINIMUM LEP 0 TO 50cm ABOVE EC >=16","14378"
"NCCPI - Log Ksat Minimum LEP 0 to 50cm Above Restriction","null_not_rated","0","16994","21303","16994","ArbitraryCurve","LOG KSAT MINIMUM LEP 0 TO 50cm ABOVE RESTRICTIVE LAYER","14372"
"NCCPI - Log Ksat Minimum LEP 0 to 50cm Above pH <= 3.5","not_null_and","0","16993","21303","16993","ArbitraryCurve","LOG KSAT MINIMUM LEP 0 TO 50cm ABOVE PH <= 3.5","14379"
"NCCPI - Log Ksat Minimum LEP 50 to 100cm Above BD too High","null_or","0","16995","21304","16995","ArbitraryCurve","LOG KSAT MINIMUM LEP 50 TO 100cm ABOVE BD TOO HIGH","14380"
"NCCPI - Log Ksat Minimum LEP 50 to 100cm Above EC >= 8.01","null_or","0","16996","21304","16996","ArbitraryCurve","LOG KSAT MINIMUM LEP 50 TO 100cm ABOVE EC >=16","14381"
"NCCPI - Log Ksat Minimum LEP 50 to 100cm Above Restriction","null_or","0","16998","21304","16998","ArbitraryCurve","LOG KSAT MINIMUM LEP 50 TO 100cm ABOVE RESTRICTIVE LAYER","14375"
"NCCPI - Log Ksat Minimum LEP 50 to 100cm Above pH <= 3.5","null_or","0","16997","21304","16997","ArbitraryCurve","LOG KSAT MINIMUM LEP 50 TO 100cm ABOVE PH <= 3.5","14382"
"NCCPI - Log Ksat Minimum LEP 100 to 150cm Above BD too High","null_or","0","16999","21305","16999","ArbitraryCurve","LOG KSAT MINIMUM LEP 100 TO 150cm ABOVE BD TOO HIGH","14383"
"NCCPI - Log Ksat Minimum LEP 100 to 150cm Above EC >= 8.01","null_or","0","17000","21305","17000","ArbitraryCurve","LOG KSAT MINIMUM LEP 100 TO 150cm ABOVE EC >=16","14384"
"NCCPI - Log Ksat Minimum LEP 100 to 150cm Above Restriction","null_or","0","17002","21305","17002","ArbitraryCurve","LOG KSAT MINIMUM LEP 100 TO 150cm ABOVE RESTRICTIVE LAYER","14374"
"NCCPI - Log Ksat Minimum LEP 100 to 150cm Above pH <= 3.5","null_or","0","17001","21305","17001","ArbitraryCurve","LOG KSAT MINIMUM LEP 100 TO 150cm ABOVE PH <= 3.5","14385"
"NCCPI - LEP 0-150cm","multiply","1","16011","19761","16011","ArbitraryCurve","LEP WEIGHTED AVERAGE 0-150CM ABOVE A RESTRICTION","13551"
"NCCPI - BD 0-150cm or Restriction","null_not_rated","0","15975","19737","15975","ArbitraryCurve","BULK DENSITY RATIO (WTD AVE) ABOVE RESTR. LAYER","13519"
"NCCPI - BD 0-150cm or pH <3.5","null_or","0","15976","19737","15976","ArbitraryCurve","BULK DENSITY RATIO (WTD AVE) ABOVE PH <3.5","13521"
"NCCPI - BD 0-150cm or EC >= 8.01","null_or","0","15980","19737","15980","ArbitraryCurve","BULK DENSITY RATIO (WTD AVE) ABOVE EC > 8","13523"
"NCCPI - BD 0-150cm or Bulk Density too High","not_null_and","0","15998","19737","15998","ArbitraryCurve","BULK DENSITY RATIO (WTD AVE) ABOVE BD TOO HIGH","13529"
"NCCPI - Rock Fragment Content 0-20cm","null_or","0","16013","19762","16013","ArbitraryCurve","ROCK FRAGMENT CONTENT 0-20cm OR BD TOO HIGH","13554"
"NCCPI - Rock Fragment Content 0-150cm","null_or","0","16014","19762","16014","ArbitraryCurve","ROCK FRAGMENT CONTENT 0-150cm OR BD TOO HIGH","13553"
"NCCPI - Depth to Restrictive Layer","null_or","0","15985","19752","15985","ArbitraryCurve","DEPTH TO FIRST RESTRICTION BELOW ORGANIC LAYER, 151 DEFAULT","13893"
"NCCPI - Fragments >250 mm on Surface","not_null_and","0","16058","19844","16058","ArbitraryLinear","FRAGMENTS >250 MM ON SURFACE","13627"
"NCCPI - Erosion Class","multiply","0.75","16154","20089","16154","ArbitraryLinear","EROSION CLASS","13676"
"NCCPI_B - Rock Outcrop Present in Map Unit","null_not_rated","0","18431","23645","18431","ArbitraryLinear","AGRICULTURAL ROCK OUTCROP","15294"
"NCCPI_B - Surface Degraded Components","subtract","0.6","18317","23491","18317","Crisp","SURFACE DEGRADED COMPONENTS","15216"
"NCCPI_B - No Surface Drainage Components","subtract","0.4","18638","24290","18638","Crisp","NO SURFACE DRAINAGE COMPONENTS","15436"
"Drainage Class is Not Subaqueous","null_not_rated","0","63824","63589","63824","Crisp","DRAINAGE CLASS IS NOT SUBAQUEOUS","52969"
"NCCPI_B - pH 0-150cm (Wheat)","null_or","0","17616","22211","17616","ArbitraryCurve","pH IN DEPTH 20-150CM, WTD AVE","13532"
"NCCPI_B - pH 0-20cm (Wheat)","null_not_rated","0","17615","22210","17615","ArbitraryCurve","pH IN DEPTH 0-20CM, WTD AVE","13531"
"NCCPI_B - CEC 0-150cm or Bulk Density too High (Wheat)","null_not_rated","0","18200","23222","18200","ArbitraryCurve","MEQ 0-150cm OR BD TOO HIGH","13527"
"NCCPI_B - CEC 0-150cm or EC >= 8.01 (Wheat)","not_null_and","0","18201","23222","18201","ArbitraryCurve","MEQ 0-150cm OR EC > 8.01","13526"
"NCCPI_B - CEC 0-150cm or Restriction (Wheat)","not_null_and","0","18203","23222","18203","ArbitraryCurve","MEQ 0-150cm OR RESTRICTION","13528"
"NCCPI_B - CEC 0-150cm or pH <= 3.5 (Wheat)","null_not_rated","0","18202","23222","18202","ArbitraryCurve","MEQ 0-150cm OR PH <= 3.5","13525"
"NCCPI - Wet Soil Months, Count","not_null_and","0","17122","23222","17122","ArbitraryCurve","WET SOIL MONTHS GROWING SEASON - COUNT","14471"
"NCCPI_B - SAR 20-150cm (Wheat)","null_not_rated","0","18627","24159","18627","ArbitraryCurve","SAR 20-150cm","13564"
"NCCPI_B - SAR 0-20cm (Wheat)","null_not_rated","0","18626","24159","18626","ArbitraryCurve","SAR OF SURFACE 20cm","13563"
"NCCPI_B - EC 0-10cm Germination Adverse (Wheat)","null_or","0","18241","24133","18241","ArbitraryCurve","ELECTRICAL CONDUCTIVITY MAX 0-10 CM","14968"
"NCCPI_B - EC 0-150 cm or pH <= 3.5 (Wheat)","null_or","0","18244","24132","18244","ArbitraryCurve","ELECTRICAL CONDUCTIVITY (WTD AVE) ABOVE PH <3.5","13547"
"NCCPI_B - EC 0-150 cm or Restriction (Wheat)","null_or","0","18245","24132","18245","ArbitraryCurve","ELECTRICAL CONDUCTIVITY (WTD AVE) ABOVE RESTR. LAYER","13544"
"NCCPI_B - EC 0-150 cm or EC >= 16 (Wheat)","null_or","0","18243","24132","18243","ArbitraryCurve","ELECTRICAL CONDUCTIVITY (WTD AVE) ABOVE EC > 16","13546"
"NCCPI_B - EC 0-150 cm or Bulk Density too High (Wheat)","null_or","0","18242","24132","18242","ArbitraryCurve","ELECTRICAL CONDUCTIVITY (WTD AVE) ABOVE BD TOO HIGH","13545"
"NCCPI - AWC Sufficiency 0-200cm","null_not_rated","0","27092","34177","27092","ArbitraryCurve","AWC * Root Sufficiency (NCCPI)","23371"
"NCCPI_B - Water Table Depth During Summer Growth (Wheat)","not_null_and","0","17762","22575","17762","ArbitraryCurve","WATER TABLE DEPTH MIN DURING SUMMER GROWTH","13656"
"NCCPI_B - Precipitation Recharge (Wheat)","null_not_rated","0","17609","22199","17609","ArbitraryCurve","PRECIPITATION RECHARGE, WHEAT","15375"
"NCCPI_B - Organic Matter in Profile","null_not_rated","0","17698","22199","17698","ArbitraryLinear","OC IN KG/M2, WHOLE PROFILE","13769"
"NCCPI_B - Ksat Minimum within 150cm","null_not_rated","0","17697","22199","17697","Sigmoid","KSAT MINIMUM ABOVE RESTRICTIVE LAYER (0-150cm)","13533"
"NCCPI_B - Water-Gathering Surface, Wheat","multiply","1","17599","22189","17599","ArbitraryCurve","WATER GATHERING SURFACE, WHEAT","14819"
"NCCPI_B - Log Ksat Minimum LEP 0 to 50cm Above pH <= 3.5","not_null_and","0","18207","23223","18207","ArbitraryCurve","LOG KSAT MINIMUM LEP 0 TO 50cm ABOVE PH <= 3.5","14379"
"NCCPI_B - Log Ksat Minimum LEP 0 to 50cm Above Restriction","not_null_and","0","18208","23223","18208","ArbitraryCurve","LOG KSAT MINIMUM LEP 0 TO 50cm ABOVE RESTRICTIVE LAYER","14372"
"NCCPI_B - Log Ksat Minimum LEP 0 to 50cm Above EC >= 8.01","not_null_and","0","18206","23223","18206","ArbitraryCurve","LOG KSAT MINIMUM LEP 0 TO 50cm ABOVE EC >=16","14378"
"NCCPI_B - Log Ksat Minimum LEP 0 to 50cm Above BD too High","not_null_and","0","18205","23223","18205","ArbitraryCurve","LOG KSAT MINIMUM LEP 0 TO 50CM ABOVE BD TOO HIGH","14377"
"NCCPI_B - Log Ksat Minimum LEP 50 to 100cm Above pH <= 3.5","null_or","0","18211","23224","18211","ArbitraryCurve","LOG KSAT MINIMUM LEP 50 TO 100cm ABOVE PH <= 3.5","14382"
"NCCPI_B - Log Ksat Minimum LEP 50 to 100cm Above Restriction","null_or","0","18212","23224","18212","ArbitraryCurve","LOG KSAT MINIMUM LEP 50 TO 100cm ABOVE RESTRICTIVE LAYER","14375"
"NCCPI_B - Log Ksat Minimum LEP 50 to 100cm Above EC >= 8.01","null_or","0","18210","23224","18210","ArbitraryCurve","LOG KSAT MINIMUM LEP 50 TO 100cm ABOVE EC >=16","14381"
"NCCPI_B - Log Ksat Minimum LEP 50 to 100cm Above BD too High","null_or","0","18209","23224","18209","ArbitraryCurve","LOG KSAT MINIMUM LEP 50 TO 100cm ABOVE BD TOO HIGH","14380"
"NCCPI_B - Log Ksat Minimum LEP 100 to 150cm Above pH <= 3.5","null_or","0","18215","23225","18215","ArbitraryCurve","LOG KSAT MINIMUM LEP 100 TO 150cm ABOVE PH <= 3.5","14385"
"NCCPI_B - Log Ksat Minimum LEP 100 to 150cm Above Restr","null_or","0","18216","23225","18216","ArbitraryCurve","LOG KSAT MINIMUM LEP 100 TO 150cm ABOVE RESTRICTIVE LAYER","14374"
"NCCPI_B - Log Ksat Minimum LEP 100 to 150cm Above EC >= 8.01","null_or","0","18214","23225","18214","ArbitraryCurve","LOG KSAT MINIMUM LEP 100 TO 150cm ABOVE EC >=16","14384"
"NCCPI_B - Log Ksat Minimum LEP 100 to 150cm Above BD too Hi","null_or","0","18213","23225","18213","ArbitraryCurve","LOG KSAT MINIMUM LEP 100 TO 150cm ABOVE BD TOO HIGH","14383"
"NCCPI_B - LEP 0-150cm (Wheat)","multiply","1","18204","23227","18204","ArbitraryCurve","LEP WEIGHTED AVERAGE 0-150CM ABOVE A RESTRICTION","13551"
"NCCPI_B - Depth to pH <3.5 (Wheat)","null_or","0","18005","22823","18005","ArbitraryCurve","DEPTH TO PH <= 3.5 BELOW AN ORGANIC LAYER","13473"
"NCCPI_B - Depth to Restrictive Layer (Wheat)","null_or","0","18006","22823","18006","ArbitraryCurve","DEPTH TO FIRST RESTRICTION BELOW ORGANIC LAYER, 151 DEFAULT","13893"
"NCCPI_B - Depth to EC >= 8.01 (Wheat)","null_or","0","18004","22823","18004","ArbitraryCurve","DEPTH TO EC >= 8.01 BELOW AN ORGANIC LAYER","13512"
"NCCPI_B - Depth to Dense Layer (Wheat)","null_or","0","18003","22823","18003","ArbitraryCurve","DPTH TO BULK DENSITY DIFFERENCE >.25 BELOW AN ORGANIC","13479"
"NCCPI - Frost Free Days (Wheat)(II)","null_not_rated","0","17726","22459","17726","ArbitraryCurve","FROST-FREE DAYS","13359"
"NCCPI - Mean Annual Precipitation (Wheat)(II)","null_not_rated","0","33770","22173","33770","ArbitraryCurve","PRECIPITATION REPRESENTATIVE VALUE","27303"
"NCCPI_B - Effective Slope, Not Xeric (Wheat)","not_null_and","0","17618","22221","17618","ArbitraryCurve","NOT XERIC SLOPE, WHEAT","15379"
"NCCPI_B - Effective Slope, Xeric (Wheat)","not_null_and","0","18576","22221","18576","ArbitraryCurve","XERIC SLOPE, WHEAT","15378"
"NCCPI_B - Fragments >250 mm on Surface (Wheat)","null_or","0","17621","22226","17621","ArbitraryLinear","FRAGMENTS >250 MM ON SURFACE","13627"
"NCCPI_B - Fragments in Surface (Wheat)","null_or","0","18034","22226","18034","ArbitraryCurve","FRAGMENTS IN SURFACE LAYER","15132"
"NCCPI_B - Wetness During FFD >105 to <=120 (Wheat)","null_or","0","18000","22807","18000","ArbitraryCurve","WETNESS DURING >105 TO <= 120 FFD GROWING SEASON","15070"
"NCCPI_B - Wetness During FFD >120 (Wheat)","null_or","0","18001","22807","18001","ArbitraryCurve","WETNESS DURING > 120 FFD GROWING SEASON","15071"
"NCCPI_B - Wetness During FFD >90 to <=105 (Wheat)","null_or","0","17999","22807","17999","ArbitraryCurve","WETNESS DURING >90 TO <= 105 FFD GROWING SEASON","15110"
"NCCPI_B - Wetness During FFD <= 90 (Wheat)","null_or","0","18020","22807","18020","ArbitraryCurve","WETNESS DURING <= 90 FFD GROWING SEASON","15109"
"NCCPI_B - Ponding During Growing Season 90-105 (Wheat)","not_null_and","0","17620","22224","17620","ArbitraryLinear","PONDING SEVERITY 90-105 FFD (WHEAT)","14851"
"NCCPI_B - Ponding During Growing Season > 145 (Wheat)","not_null_and","0","17741","22224","17741","ArbitraryLinear","PONDING SEVERITY >145 FFD (WHEAT)","14935"
"NCCPI_B - Ponding During Growing Season 105-120 (Wheat)","not_null_and","0","18027","22224","18027","ArbitraryCurve","PONDING SEVERITY 105-120 FFD (WHEAT)","15127"
"NCCPI_B - Ponding During Growing Season <90 (Wheat)","not_null_and","0","18026","22224","18026","ArbitraryCurve","PONDING SEVERITY <= 90 FFD (WHEAT)","15126"
"NCCPI_B - Ponding During Growing Season 120-145 (Wheat)","not_null_and","0","18554","22224","18554","ArbitraryLinear","PONDING SEVERITY 120-145 FFD (WHEAT)","15372"
"NCCPI_B - Flooding During Growing Season < 90 FFD (Wheat)","null_or","0","18022","22246","18022","ArbitraryCurve","FLOODING SEVERITY FFD <= 90 (WHEAT)","15121"
"NCCPI_B - Flooding During Growing Season 90-105 FFD (Wheat)","null_or","0","18023","22246","18023","ArbitraryCurve","FLOODING SEVERITY FFD >90 - <=105 (WHEAT)","15122"
"NCCPI_B - Flooding During Growing Season 105-120 FFD (Wheat)","null_or","0","18024","22246","18024","ArbitraryCurve","FLOODING SEVERITY FFD >105 - <=120 (WHEAT)","15123"
"NCCPI_B - Flooding During Growing Season >120 FFD (Wheat)","null_or","0","18025","22246","18025","ArbitraryCurve","FLOODING SEVERITY FFD > 120 (WHEAT)","15124"
"NCCPI_B - Not Xeric (Wheat)","subtract","0.85","18577","24082","18577","Crisp","XERIC CLIMATE","15376"
"NCCPI_B - pH 0-20cm, map_r <700 (Cotton)","not_null_and","0","19566","25922","19566","ArbitraryCurve","pH IN DEPTH 0-20CM, WTD AVE, 0-700MM MAP","16481"
"NCCPI_B - pH 0-20cm, map_r 700-1000 (Cotton)","not_null_and","0","19567","25922","19567","ArbitraryCurve","pH IN DEPTH 0-20CM, WTD AVE, 700-1000MM MAP","16482"
"NCCPI_B - pH 0-20cm, map_r 1000-1500 (Cotton)","not_null_and","0","19568","25922","19568","ArbitraryCurve","pH IN DEPTH 0-20CM, WTD AVE, 1000-1500MM MAP","16483"
"NCCPI_B - pH 0-20cm, map_r >1500 (Cotton)","not_null_and","0","19569","25922","19569","ArbitraryCurve","pH IN DEPTH 0-20CM, WTD AVE, >1500MM MAP","16484"
"NCCPI_B - pH 20-150cm, map_r <700 (Cotton)","null_or","0","19570","25923","19570","ArbitraryCurve","pH IN DEPTH 20-150CM, WTD AVERAGE, 0-700MM MAP","27310"
"NCCPI_B - pH 20-150cm, map_r 700-1000 (Cotton)","null_or","0","19571","25923","19571","ArbitraryCurve","pH IN DEPTH 20-150CM, WTD AVERAGE, 700-1000MM MAP","27311"
"NCCPI_B - pH 20-150cm, map_r 1000-1500 (Cotton)","null_or","0","19572","25923","19572","ArbitraryCurve","pH IN DEPTH 20-150CM, WTD AVERAGE, 1000-1500MM MAP","27312"
"NCCPI_B - pH 20-150cm, map_r >1500 (Cotton)","null_or","0","19573","25923","19573","ArbitraryCurve","pH IN DEPTH 20-150CM, WTD AVERAGE, >1500MM MAP","27313"
"NCCPI_B - CEC 0-150cm or Restriction, MAP<700 (Cotton)","not_null_and","0","19604","25950","19604","ArbitraryCurve","MEQ 0-150cm OR RESTRICTION AND MAP <700","16514"
"NCCPI_B - CEC 0-150cm or Restriction, MAP 700-1000 (Cotton)","not_null_and","0","19605","25950","19605","ArbitraryCurve","MEQ 0-150cm OR RESTRICTION AND MAP 700-1000","16515"
"NCCPI_B - CEC 0-150cm or Restriction, MAP 1000-1500 (Cotton)","not_null_and","0","19606","25950","19606","ArbitraryCurve","MEQ 0-150cm OR RESTRICTION AND MAP 1000-1500","16516"
"NCCPI_B - CEC 0-150cm or Restriction, MAP>1500 (Cotton)","not_null_and","0","19607","25950","19607","ArbitraryCurve","MEQ 0-150cm OR RESTRICTION AND MAP >1500","16517"
"NCCPI - Wet Soil Months, Count","not_null_and","0","17122","25950","17122","ArbitraryCurve","WET SOIL MONTHS GROWING SEASON - COUNT","14471"
"NCCPI - SAR 20-150cm (Cotton)","null_not_rated","0","18625","24158","18625","ArbitraryCurve","SAR 20-150cm","13564"
"NCCPI - SAR 0-20cm (Cotton)","null_not_rated","0","18624","24158","18624","ArbitraryCurve","SAR OF SURFACE 20cm","13563"
"NCCPI_C - EC 0-150 cm or pH <= 3.5 (Cotton)","null_or","0","18618","24129","18618","ArbitraryCurve","ELECTRICAL CONDUCTIVITY (WTD AVE) ABOVE PH <3.5","13547"
"NCCPI_C - EC 0-150 cm or Restriction (Cotton)","null_or","0","18619","24129","18619","ArbitraryCurve","ELECTRICAL CONDUCTIVITY (WTD AVE) ABOVE RESTR. LAYER","13544"
"NCCPI_C - EC 0-150 cm or EC >= 16 (Cotton)","null_or","0","18617","24129","18617","ArbitraryCurve","ELECTRICAL CONDUCTIVITY (WTD AVE) ABOVE EC > 16","13546"
"NCCPI_C - EC 0-150 cm or Bulk Density too High (Cotton)","null_or","0","18616","24129","18616","ArbitraryCurve","ELECTRICAL CONDUCTIVITY (WTD AVE) ABOVE BD TOO HIGH","13545"
"NCCPI_C - EC 0-10cm Germination Adverse (Cotton)","null_or","0","18615","24130","18615","ArbitraryCurve","ELECTRICAL CONDUCTIVITY MAX 0-10 CM","14968"
"NCCPI - AWC Sufficiency 0-150cm map<700 (Cotton)","null_or","0","27598","37152","27598","ArbitraryCurve","AWC * Root Sufficiency (NCCPI) <700MM MAP","27306"
"NCCPI - AWC Sufficiency 0-150cm map 700-1000 (Cotton)","null_or","0","27599","37152","27599","ArbitraryCurve","AWC * Root Sufficiency (NCCPI) 700-1000MM MAP","27307"
"NCCPI - AWC Sufficiency 0-150cm map 1000-1500 (Cotton)","null_or","0","27600","37152","27600","ArbitraryCurve","AWC * Root Sufficiency (NCCPI) 1000-1500MM MAP","27308"
"NCCPI - AWC Sufficiency 0-150cm map >1500 (Cotton)","null_or","0","27601","37152","27601","ArbitraryCurve","AWC * Root Sufficiency (NCCPI) >1500MM MAP","27309"
"NCCPI_B - Water Table Depth During Summer Growth (Cotton)","not_null_and","0","18659","24305","18659","ArbitraryCurve","WATER TABLE DEPTH MIN DURING SUMMER GROWTH","13656"
"NCCPI_B - Precipitation Recharge (Cotton)","null_not_rated","0","17682","22383","17682","ArbitraryCurve","PRECIPITATION RECHARGE","14186"
"NCCPI_B - Ksat Minimum within 150cm","null_not_rated","0","17697","22383","17697","Sigmoid","KSAT MINIMUM ABOVE RESTRICTIVE LAYER (0-150cm)","13533"
"NCCPI_B - Organic Matter in Profile","null_not_rated","0","17698","22383","17698","ArbitraryLinear","OC IN KG/M2, WHOLE PROFILE","13769"
"NCCPI_C - Log Ksat Minimum LEP 0 to 50cm <700 mm MAP","multiply","1","19663","26040","19663","ArbitraryCurve","LOG KSAT MINIMUM LEP 0 TO 50cm <700 MM MAP ABOVE RESTR","16554"
"NCCPI_C - Log Ksat Minimum LEP 50 to 100cm <700 mm MAP","null_or","0","19664","26040","19664","ArbitraryCurve","LOG KSAT MINIMUM LEP 50 TO 100cm <700 MM MAP ABOVE RESTR","16558"
"NCCPI_C - Log Ksat Minimum LEP 100 to 150cm <700 mm MAP","null_or","0","19665","26040","19665","ArbitraryCurve","LOG KSAT MINIMUM LEP 100 TO 150cm <700 MM MAP ABOVE RESTR","16562"
"NCCPI_C - Log Ksat Minimum LEP 0 to 50cm 700-1000 mm MAP","multiply","1","19667","26041","19667","ArbitraryCurve","LOG KSAT MINIMUM LEP 0 TO 50cm 700-1000 MM MAP ABOVE RESTR","16555"
"NCCPI_C - Log Ksat Minimum LEP 50 to 100cm 700-1000 mm MAP","null_or","0","19668","26041","19668","ArbitraryCurve","LOG KSAT MINIMUM LEP 50 TO 100cm 700-1000 MM MAP ABOVE RESTR","16559"
"NCCPI_C - Log Ksat Minimum LEP 100 to 150cm 700-1000 mm MAP","null_or","0","19669","26041","19669","ArbitraryCurve","LOG KSAT MINIMUM LEP 100 TO 150cm 700-1000 MM MAP ABOVE REST","16563"
"NCCPI_C - Log Ksat Minimum LEP 0 to 50cm 1000-1500 mm MAP","multiply","1","19671","26042","19671","ArbitraryCurve","LOG KSAT MINIMUM LEP 0 TO 50cm 1000-1500 MM MAP ABOVE RESTR","16556"
"NCCPI_C - Log Ksat Minimum LEP 50 to 100cm 1000-1500 mm MAP","null_or","0","19672","26042","19672","ArbitraryCurve","LOG KSAT MINIMUM LEP 50 TO 100cm 1000-1500 MM MAP ABOVE REST","16560"
"NCCPI_C - Log Ksat Minimum LEP 100 to 150cm 1000-1500 mm MAP","null_or","0","19673","26042","19673","ArbitraryCurve","LOG KSAT MINIMUM LEP 100 TO 150cm 1000-1500 MM MAP ABOVE RES","16564"
"NCCPI_C - Log Ksat Minimum LEP 0 to 50cm >1500 mm MAP","multiply","1","19674","26043","19674","ArbitraryCurve","LOG KSAT MINIMUM LEP 0 TO 50cm >1500 MM MAP ABOVE RESTR","16557"
"NCCPI_C - Log Ksat Minimum LEP 50 to 100cm >1500 mm MAP","null_or","0","19675","26043","19675","ArbitraryCurve","LOG KSAT MINIMUM LEP 50 TO 100cm >1500 MM MAP ABOVE RESTR","16561"
"NCCPI_C - Log Ksat Minimum LEP 100 to 150cm >1500 mm MAP","null_or","0","19676","26043","19676","ArbitraryCurve","LOG KSAT MINIMUM LEP 100 TO 150cm >1500 MM MAP ABOVE RESTR","16565"
"NCCPI_B - LEP 0-150cm or Restriction, map >1500 (Cotton)","not_null_and","0","19651","26026","19651","ArbitraryCurve","LEP 0-150cm OR FIRST ROOT RESTRICTIVE LAYER, MAP>1500","16534"
"NCCPI_B - LEP 0-150cm or Restriction, map 1000-1500 (Cotton)","not_null_and","0","19650","26026","19650","ArbitraryCurve","LEP 0-150cm OR FIRST ROOT RESTRICTIVE LAYER, MAP 1000-1500","16533"
"NCCPI_B - LEP 0-150cm or Restriction, map 700-1000 (Cotton)","not_null_and","0","19648","26026","19648","ArbitraryCurve","LEP 0-150cm OR FIRST ROOT RESTRICTIVE LAYER, MAP 700-1000","16531"
"NCCPI_B - LEP 0-150cm or Restriction, map <700 (Cotton)","not_null_and","0","19649","26026","19649","ArbitraryCurve","LEP 0-150cm OR FIRST ROOT RESTRICTIVE LAYER, MAP<700","16532"
"NCCPI_B - BD 0-150cm or Restriction (Cotton)","null_not_rated","0","18658","24303","18658","ArbitraryCurve","BULK DENSITY RATIO (WTD AVE) ABOVE RESTR. LAYER","13519"
"NCCPI_B - BD 0-150cm or pH <3.5 (Cotton)","not_null_and","0","18657","24303","18657","ArbitraryCurve","BULK DENSITY RATIO (WTD AVE) ABOVE PH <3.5","13521"
"NCCPI_B - BD 0-150cm or EC >= 8.01 (Cotton)","null_or","0","18656","24303","18656","ArbitraryCurve","BULK DENSITY RATIO (WTD AVE) ABOVE EC > 8","13523"
"NCCPI_B - BD 0-150cm or Bulk Density too High (Cotton)","not_null_and","0","18655","24303","18655","ArbitraryCurve","BULK DENSITY RATIO (WTD AVE) ABOVE BD TOO HIGH","13529"
"NCCPI_B - Mean Annual Precipitation, MAAT <14 (Cotton)","not_null_and","0","19600","25949","19600","ArbitraryCurve","MEAN ANNUAL PRECIPITATION AND MAAT <14","16510"
"NCCPI_B - Mean Annual Precipitation, MAAT >20 (Cotton)","not_null_and","0","19603","25949","19603","ArbitraryCurve","MEAN ANNUAL PRECIPITATION AND MAAT >20","16513"
"NCCPI_B - Mean Annual Precipitation, MAAT 17-20 (Cotton)","not_null_and","0","19602","25949","19602","ArbitraryCurve","MEAN ANNUAL PRECIPITATION AND MAAT 17-20","16512"
"NCCPI_B - Mean Annual Precipitation, MAAT 14-17 (Cotton)","not_null_and","0","19601","25949","19601","ArbitraryCurve","MEAN ANNUAL PRECIPITATION AND MAAT 14-17","16511"
"NCCPI_B - Mean Annual Precipitation (Cotton)","null_not_rated","0","17612","22206","17612","ArbitraryCurve","MEAN ANNUAL PRECIPITATION FROM H&L","35985"
"NCCPI_B - Mean Annual Air Temperature (Cotton)","null_not_rated","0","17712","23242","17712","ArbitraryLinear","MEAN ANNUAL AIR TEMPERATURE","13636"
"NCCPI_B - Frost Free Days (Cotton)","null_not_rated","0","17688","22205","17688","ArbitraryCurve","FROST-FREE DAYS","13359"
"NCCPI_B - Mean Annual Air Temperature (Cotton)","null_not_rated","0","17712","22205","17712","ArbitraryLinear","MEAN ANNUAL AIR TEMPERATURE","13636"
"NCCPI - Wetness Indicator During Growing Season (Cotton)","multiply","1","27602","37153","27602","ArbitraryLinear","GENERAL INDICATOR DURING GROWING SEASON, DRAINED","14669"
"NCCPI_B - Effective Slope (Cotton)","null_not_rated","0","17683","22387","17683","ArbitraryCurve","SLOPE PERCENT (WHEAT)","14866"
"NCCPI_B - Flooding During 245-278 FFD (Cotton)","null_or","0","19656","26039","19656","ArbitraryCurve","FLOODING SEVERITY DURING 245-278 FFD (COTTON)","16542"
"NCCPI_B - Flooding During 215-245 FFD (Cotton)","null_or","0","19655","26039","19655","ArbitraryCurve","FLOODING SEVERITY DURING 215-245 FFD (COTTON)","16541"
"NCCPI_B - Flooding During 185-215 FFD (Cotton)","null_or","0","19654","26039","19654","ArbitraryCurve","FLOODING SEVERITY DURING 185-215 FFD (COTTON)","16540"
"NCCPI_B - Flooding During <185 FFD (Cotton)","null_or","0","19653","26039","19653","ArbitraryCurve","FLOODING SEVERITY DURING <185 FFD (COTTON)","16539"
"NCCPI_B - Flooding During 278-305 FFD (Cotton)","null_or","0","19657","26039","19657","ArbitraryCurve","FLOODING SEVERITY DURING 278-305 FFD (COTTON)","16543"
"NCCPI_B - Flooding During >305 FFD (Cotton)","null_or","0","19658","26039","19658","ArbitraryCurve","FLOODING SEVERITY DURING >305 FFD (COTTON)","16544"
"NCCPI_B - Rare Flooded Component","not_null_and","0","18667","24324","18667","Crisp","FLOODING FREQ. IS RARE","15461"
"NCCPI_B - Well Drained Component","null_or","0","19701","24324","19701","Crisp","DRAINAGE CLASS","10363"
"Impacted soil","null_not_rated","0","46164","46238","46164","Crisp","COMPONENT LOCAL PHASE IMPACTED","37734"
"NCCPI - pH 0-20cm (Soybeans)","null_not_rated","0","43019","44493","43019","ArbitraryCurve","pH IN DEPTH 0-20CM, WTD AVE","13531"
"NCCPI - pH 20-150cm (Soybeans)","null_or","0","43022","47443","43022","ArbitraryCurve","pH IN DEPTH 20-150CM, WTD AVE","13532"
"NCCPI - CEC 0-150cm or Bulk Density too High (Soybeans)","null_not_rated","0","43042","47454","43042","ArbitraryCurve","MEQ 0-150cm OR BD TOO HIGH","13527"
"NCCPI - CEC 0-150cm or EC >= 8.01 (Soybeans)","not_null_and","0","43043","47454","43043","ArbitraryCurve","MEQ 0-150cm OR EC > 8.01","13526"
"NCCPI - CEC 0-150cm or pH <= 3.5 (Soybeans)","not_null_and","0","43044","47454","43044","ArbitraryCurve","MEQ 0-150cm OR PH <= 3.5","13525"
"NCCPI - CEC 0-150cm or Restriction (Soybeans)","null_not_rated","0","43045","47454","43045","ArbitraryCurve","MEQ 0-150cm OR RESTRICTION","13528"
"NCCPI - Wet Soil Months, Count","not_null_and","0","17122","47454","17122","ArbitraryCurve","WET SOIL MONTHS GROWING SEASON - COUNT","14471"
"NCCPI - OM 0-20cm (Soybeans)","null_not_rated","0","43037","47451","43037","ArbitraryCurve","ORGANIC MATTER IN DEPTH 0-20CM, WTD AVE","17047"
"NCCPI - OM 20-150cm (Soybeans)","null_not_rated","0","43038","47451","43038","ArbitraryCurve","ORGANIC MATTER PERCENT 20-150 CM","13550"
"NCCPI - SAR 0-20cm (Soybeans)","null_not_rated","0","56923","54960","56923","ArbitraryCurve","SAR OF SURFACE 20cm","13563"
"NCCPI - SAR 20-150cm (Soybeans)","null_not_rated","0","56924","54960","56924","ArbitraryCurve","SAR 20-150cm","13564"
"NCCPI - EC 0-150 cm or Bulk Density too High (Soybeans)","null_or","0","56918","54957","56918","ArbitraryCurve","ELECTRICAL CONDUCTIVITY (WTD AVE) ABOVE BD TOO HIGH","13545"
"NCCPI - EC 0-150 cm or EC >= 16 (Soybeans)","null_or","0","56919","54957","56919","ArbitraryCurve","ELECTRICAL CONDUCTIVITY (WTD AVE) ABOVE EC > 16","13546"
"NCCPI - EC 0-150 cm or Restriction (Soybeans)","null_or","0","56920","54957","56920","ArbitraryCurve","ELECTRICAL CONDUCTIVITY (WTD AVE) ABOVE RESTR. LAYER","13544"
"NCCPI - EC 0-150 cm or pH <= 3.5 (Soybeans)","null_or","0","56921","54957","56921","ArbitraryCurve","ELECTRICAL CONDUCTIVITY (WTD AVE) ABOVE PH <3.5","13547"
"NCCPI - EC 0-10cm Germination Adverse (Soybeans)","null_or","0","56922","54959","56922","ArbitraryCurve","ELECTRICAL CONDUCTIVITY MAX 0-10 CM","14968"
"NCCPI - AWC Sufficiency Soybeans 0-150cm","null_not_rated","0","43025","47446","43025","ArbitraryLinear","AWC * Soybean Root Sufficiency (NCCPI)","35974"
"NCCPI - Water Table Depth During Summer (Soybeans)","not_null_and","0","43039","47452","43039","ArbitraryCurve","WATER TABLE DEPTH MIN DURING SUMMER GROWTH","13656"
"NCCPI - Precipitation Recharge (Soybeans)","null_not_rated","0","43026","47447","43026","ArbitraryCurve","PRECIPITATION RECHARGE","14186"
"NCCPI - Ksat Minimum within 150cm (Soybeans)","null_not_rated","0","43046","47447","43046","Sigmoid","KSAT MINIMUM ABOVE RESTRICTIVE LAYER (0-150cm)","13533"
"NCCPI_B - Organic Matter in Profile","null_not_rated","0","17698","47447","17698","ArbitraryLinear","OC IN KG/M2, WHOLE PROFILE","13769"
"NCCPI - Frost Free Days (Soybeans)","null_not_rated","0","43023","47444","43023","ArbitraryCurve","FROST-FREE DAYS","13359"
"NCCPI - Daylength Adjustment","multiply","0.15","63796","57984","63796","ArbitraryCurve","LATITUDE ESTIMATOR","55530"
"NCCPI - Mean Annual Precipitation (Soybeans)","null_not_rated","0","43024","47445","43024","ArbitraryCurve","MEAN ANNUAL PRECIPITATION FROM H&L","35985"
"NCCPI - Growing Season 100 to 135 FFD Wetness (Soybeans)","not_null_and","0","43031","47449","43031","ArbitraryLinear","GENERAL INDICATOR MLRA DURING 100 TO 135 FFD (SOYBEANS)","35976"
"NCCPI - Growing Season > 135 to <= 160 Wetness (Soybeans)","not_null_and","0","43032","47449","43032","ArbitraryLinear","GENERAL INDICATOR MLRA DURING 135-160 FFD (SOYBEANS)","35977"
"NCCPI - Growing Season > 160 to <= 185 Wetness (Soybeans)","not_null_and","0","43033","47449","43033","ArbitraryLinear","GENERAL INDICATOR MLRA DURING 160-185 FFD (SOYBEANS)","35978"
"NCCPI - Growing Season > 185 to <= 210 Wetness (Soybeans)","not_null_and","0","43034","47449","43034","ArbitraryLinear","GENERAL INDICATOR MLRA DURING 185-210 FFD (SOYBEANS)","35979"
"NCCPI - Growing Season > 210 Wetness (Soybeans)","not_null_and","0","43035","47449","43035","ArbitraryLinear","GENERAL INDICATOR MLRA DURING >210 FFD (SOYBEANS)","35980"
"NCCPI - Growing Season <100 FFD Wetness (Soybeans)","not_null_and","0","43041","47449","43041","ArbitraryLinear","GENERAL INDICATOR MLRA DURING <100 FFD (SOYBEANS)","35981"
"NCCPI_Soy - Log Ksat Minimum LEP 0 to 50cm Above BD too High","not_null_and","0","63773","57964","63773","ArbitraryCurve","LOG KSAT MINIMUM LEP 0 TO 50CM ABOVE BD TOO HIGH","14377"
"NCCPI_Soy - Log Ksat Minimum LEP 0 to 50cm Above EC >= 8.01","not_null_and","0","63774","57964","63774","ArbitraryCurve","LOG KSAT MINIMUM LEP 0 TO 50cm ABOVE EC >=16","14378"
"NCCPI_Soy - Log Ksat Minimum LEP 0 to 50cm Above Restriction","null_not_rated","0","63775","57964","63775","ArbitraryCurve","LOG KSAT MINIMUM LEP 0 TO 50cm ABOVE RESTRICTIVE LAYER","14372"
"NCCPI_Soy - Log Ksat Minimum LEP 0 to 50cm Above pH <= 3.5","not_null_and","0","63776","57964","63776","ArbitraryCurve","LOG KSAT MINIMUM LEP 0 TO 50cm ABOVE PH <= 3.5","14379"
"NCCPI_Soy - Log Ksat Minimum LEP 50 to 100cm Above BD High","null_or","0","63777","57965","63777","ArbitraryCurve","LOG KSAT MINIMUM LEP 50 TO 100cm ABOVE BD TOO HIGH","14380"
"NCCPI_Soy - Log Ksat Minimum LEP 50 to 100cm Above EC High","null_or","0","63778","57965","63778","ArbitraryCurve","LOG KSAT MINIMUM LEP 50 TO 100cm ABOVE EC >=16","14381"
"NCCPI_Soy - Log Ksat Minimum LEP 50 to 100cm Above Restrict","null_or","0","63779","57965","63779","ArbitraryCurve","LOG KSAT MINIMUM LEP 50 TO 100cm ABOVE RESTRICTIVE LAYER","14375"
"NCCPI_Soy - Log Ksat Minimum LEP 50 to 100cm Above pH <= 3.5","null_or","0","63780","57965","63780","ArbitraryCurve","LOG KSAT MINIMUM LEP 50 TO 100cm ABOVE PH <= 3.5","14382"
"NCCPI_Soy - Log Ksat Minimum LEP 100 to 150cm Above BD High","null_or","0","63781","57966","63781","ArbitraryCurve","LOG KSAT MINIMUM LEP 100 TO 150cm ABOVE BD TOO HIGH","14383"
"NCCPI_Soy - Log Ksat Minimum LEP 100 to 150cm Above EC High","null_or","0","63782","57966","63782","ArbitraryCurve","LOG KSAT MINIMUM LEP 100 TO 150cm ABOVE EC >=16","14384"
"NCCPI_Soy - Log Ksat Minimum LEP 100 to 150cm Above Restrict","null_or","0","63783","57966","63783","ArbitraryCurve","LOG KSAT MINIMUM LEP 100 TO 150cm ABOVE RESTRICTIVE LAYER","14374"
"NCCPI_Soy - Log Ksat Minimum LEP 100 to 150cm Above pH Low","null_or","0","63784","57966","63784","ArbitraryCurve","LOG KSAT MINIMUM LEP 100 TO 150cm ABOVE PH <= 3.5","14385"
"NCCPI - LEP 0-150cm (Soybeans)","multiply","1","43036","47450","43036","ArbitraryCurve","WTD_AVG LEP 0-150cm OR ABOVE RESTRICTION","30219"
"NCCPI - BD 0-150cm or pH <3.5 (Soybeans)","null_or","0","43028","47448","43028","ArbitraryCurve","BULK DENSITY RATIO (WTD AVE) ABOVE PH <3.5","13521"
"NCCPI - BD 0-150cm or Restriction (Soybeans)","null_not_rated","0","43027","47448","43027","ArbitraryCurve","BULK DENSITY RATIO (WTD AVE) ABOVE RESTR. LAYER","13519"
"NCCPI - BD 0-150cm or EC >= 8.01 (Soybeans)","null_or","0","43029","47448","43029","ArbitraryCurve","BULK DENSITY RATIO (WTD AVE) ABOVE EC > 8","13523"
"NCCPI - BD 0-150cm or Bulk Density too High (Soybeans)","not_null_and","0","43030","47448","43030","ArbitraryCurve","BULK DENSITY RATIO (WTD AVE) ABOVE BD TOO HIGH","13529"
"NCCPI - Fragments >250 mm on Surface","not_null_and","0","16058","54961","16058","ArbitraryLinear","FRAGMENTS >250 MM ON SURFACE","13627"
"NCCPI - Erosion Class (Soybeans)","multiply","0.75","43040","47453","43040","ArbitraryLinear","EROSION CLASS - SOYBEANS","35975"
"NCCPI_B - Surface Degraded Components (Soybeans)","subtract","0.6","63785","57967","63785","Crisp","SURFACE DEGRADED COMPONENTS (SOYBEANS)","49310"
